model,roc_auc,f1
LogReg,0.9488785613255203,0.7674418604651163
RF,1.0,1.0
GB,1.0,1.0
